"Sample"	"TP142"	"TP152"	"TP174"	"TP325"	"TP326"	"TP330"	"TP341"	"TP406"	"TP434"	"TP45"	"TP80B"	
"CTTP02"	"135,135"	"154,154"	"167,167"	"162,162"	"226,226"	"358,358"	"308,308"	"216,216"	"163,163"	"382,382"	"217,217"	
"CTTP05"	"135,135"	"154,154"	"167,167"	"162,162"	"226,226"	"358,358"	"308,308"	"216,216"	"163,163"	"382,382"	"217,217"	
"CTTP06"	"135,135"	"154,154"	"167,167"	"162,162"	"226,226"	"358,358"	"308,308"	"216,216"	"163,163"	"382,382"	"217,217"	
"CTTP08"	"135,135"	"154,154"	"167,167"	"162,162"	"226,226"	"358,358"	"308,308"	"216,216"	"163,163"	"382,382"	"217,217"	
"CTTP09"	"135,135"	"154,154"	"167,167"	"162,162"	"226,226"	"358,358"	"308,308"	"216,216"	"163,163"	"382,382"	"217,217"	
"CTTP11"	"135,135"	"154,154"	"167,167"	"162,162"	"226,226"	"358,358"	"308,308"	"216,216"	"163,163"	"382,382"	"217,217"	
"CTTP14"	"135,135"	"154,154"	"167,167"	"162,162"	"226,226"	"358,358"	"308,308"	"216,216"	"163,163"	"382,382"	"217,217"	
"CTTP15"	"135,135"	"154,154"	"167,167"	"162,162"	"226,226"		"308,308"			"382,382"		
"CTTP16"							"308,308"					
"CTTP17"	"135,135"	"154,154"	"167,167"	"162,162"	"226,226"	"358,358"	"308,308"	"216,216"	"163,163"	"382,382"	"217,217"	
"CTTP19"							"299,299"					
"CTTP22"	"135,135"	"154,154"	"167,167"	"162,162"	"226,226"	"358,358"	"308,308"	"216,216"	"163,163"	"382,382"	"217,217"	
"CTTP24"	"135,135"	"154,154"	"167,167"	"162,162"	"226,226"	"358,358"	"308,308"	"216,216"	"163,163"	"382,382"	"217,217"	
"CTTP26"	"135,135"	"154,154"	"167,167"	"162,162"	"226,226"	"358,358"	"308,308"	"216,216"	"163,163"	"382,382"	"217,217"	
"CTTP27"	"135,135"	"154,154"	"167,167"	"162,162"	"226,226"	"358,358"	"308,308"	"216,216"	"163,163"	"382,382"	"217,217"	
"CTTP30"	"135,135"	"154,154"	"167,167"	"162,162"	"226,226"	"358,358"	"308,308"	"216,216"	"163,163"	"382,382"		
"CTTP31"	"135,135"	"154,154"	"167,167"	"162,162"	"226,226"	"358,358"	"308,308"	"216,216"	"163,163"	"382,382"	"217,217"	
"CTTP32"	"135,135"	"154,154"	"167,167"	"162,162"	"226,226"	"358,358"	"308,308"	"216,216"	"163,163"	"382,382"	"217,217"	
"CTTP34"	"135,135"	"154,154"	"167,167"	"162,162"	"226,226"	"358,358"	"308,308"	"216,216"	"163,163"	"382,382"	"217,217"	
"CTTP35"	"135,135"	"154,154"	"167,167"	"162,162"	"226,226"	"358,358"	"308,308"	"216,216"	"163,163"	"382,382"	"217,217"	
"KY1"	"145,145"	"154,154"	"176,176"	"162,162"	"226,226"	"356,356"	"308,308"	"210,210"	"163,163"	"382,382"	"220,220"	
"KY2"	"145,145"	"154,154"	"176,176"	"162,162"	"226,226"	"356,356"	"308,308"	"210,210"	"163,163"	"382,382"	"223,223"	
"KY3"	"145,145"	"154,154"	"176,176"	"162,162"	"226,226"	"356,356"	"308,308"		"163,163"	"382,382"	"220,223"	
"KY4"	"145,145"	"154,154"	"176,176"	"162,162"	"226,226"		"308,308"	"210,210"	"163,163"	"382,382"	"220,220"	
"KY5"	"145,145"	"154,154"	"176,176"	"162,162"	"226,226"	"356,356"	"308,308"		"163,163"	"382,382"	"220,220"	
"MABM01"	"145,145"	"154,154"	"167,167"	"168,168"	"226,226"		"308,308"	"213,213"	"163,163"	"382,382"	"208,208"	
"MABM02"	"145,145"	"154,154"	"167,167"	"168,168"	"226,226"		"308,308"		"163,163"	"382,382"		
"MABM04"	"145,145"	"154,154"	"167,167"	"168,168"	"226,226"	"358,358"	"308,308"	"213,213"	"163,163"	"382,382"	"208,208"	
"MABM06"	"145,145"	"154,154"	"167,167"	"168,168"	"226,226"	"358,358"	"308,308"	"213,213"	"163,163"	"382,382"	"208,208"	
"MABM09"	"145,145"	"154,154"	"167,167"	"168,168"	"226,226"	"358,358"	"308,308"	"213,213"	"163,163"	"382,382"	"211,211"	
"MABM10"							"308,308"					
"MABM12"	"145,145"	"154,154"	"167,167"	"168,168"	"226,226"	"358,358"	"308,308"	"213,213"	"163,163"	"382,382"	"208,208"	
"MABM14"	"145,145"	"154,154"	"167,167"	"168,168"	"226,226"	"358,358"	"308,308"	"213,213"	"163,163"	"382,382"	"208,208"	
"MABM15"		"154,154"	"167,167"	"162,162"	"226,226"	"358,358"	"308,308"	"213,213"	"163,163"	"382,382"	"208,208"	
"MABM17"	"145,145"	"154,154"	"167,167"	"168,168"	"226,226"	"358,358"	"308,308"	"213,213"	"163,163"	"382,382"	"208,208"	
"MABM20"	"145,145"	"154,154"	"167,167"	"168,168"	"226,226"	"358,358"	"308,308"	"213,213"	"163,163"	"382,382"	"208,208"	
"MABM22"	"145,145"	"154,154"	"167,167"	"168,168"	"226,226"	"358,358"	"308,308"	"213,213"	"163,163"	"382,382"	"208,208"	
"MABM23"	"145,145"	"154,154"	"167,167"	"162,162"	"226,226"	"358,358"	"308,308"	"213,213"	"163,163"	"382,382"	"208,208"	
"MABM24"	"145,145"	"154,154"	"167,167"	"162,162"	"226,226"	"358,358"	"299,299"	"213,213"	"163,163"	"382,382"	"208,208"	
"MABM26"	"145,145"	"154,154"	"167,167"	"168,168"	"226,226"	"358,358"	"308,308"	"213,213"	"163,163"	"382,382"	"208,208"	
"MABM27"	"145,145"	"154,154"	"167,167"	"162,162"	"226,226"	"358,358"	"299,299"	"213,213"	"163,163"	"382,382"		
"MABM28"	"145,145"	"154,154"	"167,167"	"168,168"	"226,226"	"358,358"	"308,308"	"213,213"	"163,163"	"382,382"	"208,208"	
"MABM30"	"145,145"	"145,154"	"167,167"	"168,168"	"226,226"	"358,358"	"308,308"	"213,213"	"163,163"	"382,382"	"208,208"	
"MABM32"	"145,145"	"154,154"	"167,167"	"168,168"	"226,226"	"358,358"	"308,308"	"213,213"	"163,163"	"382,382"	"208,208"	
"MABM33"	"145,145"	"154,154"	"167,167"		"226,226"		"308,308"		"163,163"	"382,382"	"208,208"	
"MAMT02"	"135,135"	"154,154"	"167,167"	"162,162"	"226,226"	"358,358"	"308,308"	"216,216"	"163,163"	"382,382"	"208,208"	
"MAMT06"	"135,135"	"154,154"	"167,167"	"162,162"	"226,226"	"358,358"	"308,308"	"216,216"	"163,163"	"382,382"	"208,208"	
"MAMT11"	"135,135"	"154,154"	"167,167"	"162,162"	"226,226"	"358,358"	"308,308"	"216,216"	"163,163"	"382,382"	"208,208"	
"MAMT12"	"135,135"	"154,154"	"167,167"	"162,162"	"226,226"	"358,358"	"308,308"	"216,216"	"163,163"	"382,382"	"208,208"	
"MAMT13"	"135,135"	"154,154"	"167,167"	"162,162"	"226,226"	"358,358"	"308,308"	"216,216"	"163,163"	"382,382"	"208,208"	
"MAMT14"	"135,135"	"154,154"	"167,167"	"162,162"	"226,226"	"358,358"	"308,308"	"216,216"	"163,163"	"382,382"	"208,208"	
"MAMT15"	"135,135"	"154,154"	"167,167"	"162,162"	"226,226"	"358,358"	"308,308"	"216,216"	"163,163"	"382,382"	"208,208"	
"MAMT16"	"135,135"	"154,154"	"167,167"	"162,162"	"226,226"	"358,358"	"308,308"	"216,216"	"163,163"	"382,382"	"208,208"	
"MAMT18"	"135,135"	"154,154"	"167,167"	"162,162"	"226,226"	"358,358"	"308,308"	"216,216"	"163,163"	"382,382"	"208,208"	
"MAMT19"	"135,145"	"154,154"	"167,167"	"162,162"	"216,226"	"358,358"	"308,308"	"213,216"	"163,163"	"368,382"	"217,220"	
"MAMT20"	"135,135"	"154,154"	"167,167"	"162,162"	"226,226"	"358,358"	"308,308"	"216,216"	"163,163"	"382,382"	"208,208"	
"MAMT24"		"154,154"			"226,226"		"308,308"			"382,382"		
"MAMT25"	"135,135"	"154,154"	"167,167"	"162,162"	"226,226"	"358,358"	"308,308"	"216,216"	"163,163"	"382,382"	"208,208"	
"MAMT26"	"135,135"	"154,154"	"167,167"	"162,162"	"226,226"	"358,358"	"308,308"	"216,216"	"163,163"	"382,382"	"208,208"	
"MAMT27"	"135,135"	"154,154"	"167,167"	"162,162"	"226,226"	"358,358"	"308,308"	"216,216"	"163,163"	"382,382"	"208,208"	
"MAMT28"	"135,135"	"154,154"	"167,167"	"162,162"	"226,226"	"358,358"	"308,308"	"216,216"	"163,163"	"382,382"	"208,208"	
"MAMT30"	"135,135"	"154,154"	"167,167"	"162,162"	"226,226"	"358,358"	"308,308"	"216,216"	"163,163"	"382,382"	"208,208"	
"MAMT33"	"135,135"	"154,154"	"167,167"	"162,162"	"226,226"	"358,358"	"308,308"	"216,216"	"163,163"	"382,382"	"208,208"	
"MAMT34"	"135,135"	"154,154"	"167,167"	"162,162"	"226,226"	"358,358"	"308,308"	"216,216"	"163,163"	"382,382"	"208,217"	
"MAMT35"	"135,135"	"154,154"	"167,167"	"162,162"	"226,226"	"358,358"	"308,308"	"216,216"	"163,163"	"382,382"	"208,208"	
"MAST01"	"145,145"	"154,154"	"170,170"	"168,168"	"226,226"	"358,358"	"308,308"	"216,216"	"163,163"	"382,382"	"208,208"	
"MAST02"	"145,145"	"154,154"	"170,170"	"168,168"	"226,226"	"358,358"	"308,308"	"216,216"	"163,163"	"382,382"	"208,208"	
"MAST04"	"145,145"	"154,154"	"170,170"	"168,168"	"226,226"	"358,358"	"308,308"	"216,216"	"163,163"	"382,382"	"208,208"	
"MAST06"	"145,145"	"154,154"	"170,170"	"168,168"	"226,226"	"358,358"	"308,308"	"216,216"	"163,163"	"382,382"	"208,208"	
"MAST07"	"145,145"	"154,154"	"170,170"	"168,168"	"226,226"	"358,358"	"308,308"	"216,216"	"163,163"	"382,382"	"208,208"	
"MAST08"	"145,145"	"154,154"	"170,170"	"168,168"	"226,226"	"358,358"	"308,308"	"216,216"	"163,163"	"382,382"	"208,208"	
"MAST10"	"145,145"	"154,154"	"170,170"	"168,168"	"226,226"	"358,358"	"308,308"	"216,216"	"163,163"	"382,382"	"208,208"	
"MAST11"	"145,145"	"154,154"	"170,170"	"168,168"	"226,226"	"358,358"	"308,308"	"216,216"	"163,163"	"382,382"	"208,208"	
"MAST12"	"145,145"	"154,154"	"170,170"	"168,168"	"226,226"	"358,358"	"308,308"	"216,216"	"163,163"	"382,382"	"208,208"	
"MAST13"	"145,145"	"154,154"	"170,170"	"168,168"	"226,226"	"358,358"	"308,308"	"216,216"	"163,163"	"382,382"	"208,208"	
"MAST14"	"145,145"	"154,154"	"170,170"	"168,168"	"226,226"	"358,358"	"308,308"	"216,216"	"163,163"	"382,382"	"208,208"	
"MAST15"	"145,145"	"154,154"	"170,170"	"168,168"	"226,226"	"358,358"	"308,308"	"216,216"	"163,163"	"382,382"	"208,208"	
"MAST16"	"145,145"	"154,154"	"170,170"	"168,168"	"226,226"	"358,358"	"308,308"	"216,216"	"163,163"	"382,382"	"208,208"	
"MAST17"	"145,145"	"154,154"	"170,170"	"168,168"	"226,226"	"358,358"	"308,308"	"216,216"	"163,163"	"382,382"	"208,208"	
"MAST18"	"145,145"	"154,154"	"170,170"	"168,168"	"226,226"	"358,358"	"308,308"	"216,216"	"163,163"	"382,382"	"208,208"	
"MAST19"	"145,145"	"154,154"	"170,170"	"168,168"	"226,226"	"358,358"	"308,308"	"216,216"	"163,163"	"382,382"	"208,208"	
"MAST20"	"145,145"	"154,154"	"170,170"	"168,168"	"226,226"	"358,358"	"308,308"	"216,216"	"163,163"	"382,382"	"208,208"	
"MAST21"	"145,145"	"154,154"	"170,170"	"168,168"	"226,226"	"358,358"	"308,308"	"216,216"	"163,163"	"382,382"	"208,208"	
"MAST22"	"145,145"	"154,154"	"170,170"	"168,168"	"226,226"	"358,358"	"308,308"	"216,216"	"163,163"	"382,382"	"208,208"	
"MAST24"	"145,145"	"154,154"	"170,170"	"168,168"	"226,226"	"358,358"	"308,308"	"216,216"	"163,163"	"382,382"	"208,208"	
"MDDM01"	"135,135"	"156,156"	"167,167"	"162,162"	"216,216"	"356,356"	"308,308"	"216,216"	"169,169"	"382,382"	"220,220"	
"MDDM02"	"135,135"	"156,156"	"167,167"	"162,162"	"216,216"	"356,356"	"308,308"	"216,216"	"169,169"	"382,382"	"220,220"	
"MDDM03"	"135,135"	"156,156"	"167,167"	"162,162"	"216,216"	"356,356"	"308,308"	"216,216"	"169,169"	"382,382"	"220,220"	
"MDDM04"	"135,135"	"156,156"	"167,167"	"162,162"	"216,216"	"356,356"	"308,308"	"216,216"	"169,169"	"382,382"	"220,220"	
"MDDM05"	"135,135"	"156,156"	"167,167"	"162,162"	"216,216"	"356,356"	"308,308"	"216,216"	"169,169"	"382,382"	"220,220"	
"MDDM08"	"135,135"	"156,156"	"167,167"	"162,162"	"216,216"	"356,356"	"308,308"	"216,216"	"169,169"	"382,382"	"220,220"	
"MDDM10"	"135,135"	"156,156"	"167,167"	"162,162"	"216,216"	"356,356"	"308,308"	"216,216"	"169,169"	"382,382"	"220,220"	
"MDDM11"	"135,135"	"156,156"	"167,167"	"162,162"	"216,216"	"356,356"	"308,323"	"216,216"	"169,169"	"382,382"	"220,220"	
"MDDM12"	"135,135"	"156,156"	"167,167"	"162,162"	"216,216"	"356,356"	"308,308"	"216,216"	"169,169"	"382,382"	"220,220"	
"MDDM13"	"135,135"	"154,154"	"167,167"	"162,162"	"226,226"	"358,358"	"308,308"	"216,216"	"163,163"	"382,382"	"217,220"	
"MDDM14"	"135,135"	"156,156"	"167,167"	"162,162"	"216,216"	"356,356"	"308,308"	"216,216"	"169,169"	"382,382"	"220,220"	
"MDDM15"	"135,135"	"156,156"	"167,167"	"162,162"	"216,216"	"356,356"	"323,323"	"216,216"	"169,169"	"382,382"	"220,220"	
"MDDM16"	"135,135"	"154,154"	"167,167"	"162,162"	"226,226"	"356,358"	"308,308"	"216,216"	"163,163"	"382,382"	"217,220"	
"MDDM17"	"135,135"	"154,154"	"167,167"	"162,162"	"216,216"	"358,358"	"308,308"	"216,216"	"163,169"	"382,382"	"220,220"	
"MDDM18"	"135,135"	"156,156"	"167,167"	"162,162"	"216,216"	"356,356"	"323,323"	"216,216"	"169,169"	"382,382"	"220,220"	
"MDDM19"	"135,135"	"154,154"	"167,167"		"226,226"	"358,358"	"308,308"	"216,216"	"163,163"	"382,382"	"217,217"	
"MDDM20"	"135,135"	"156,156"	"167,167"	"162,162"	"216,216"	"356,356"	"308,308"	"216,216"	"169,169"	"382,382"	"220,220"	
"MDDM21"	"135,135"	"154,154"	"167,167"	"162,162"	"226,226"	"358,358"	"308,308"	"216,216"	"163,163"	"382,382"	"217,217"	
"MDDM23"	"135,135"	"156,156"	"167,167"	"162,162"	"216,216"	"356,356"	"308,308"	"216,216"	"169,169"	"382,382"	"220,220"	
"MDDM25"	"135,135"	"156,156"	"167,167"	"162,162"	"216,216"	"356,356"	"308,308"	"216,216"	"169,169"	"382,382"	"220,220"	
"MOBS01"	"145,145"	"154,154"	"170,170"	"153,153"	"226,226"	"356,356"	"308,308"	"213,213"	"163,163"	"368,368"	"220,220"	
"MOBS02"	"145,145"	"154,154"	"170,170"	"153,153"	"226,226"	"356,356"	"308,308"	"213,213"	"163,163"	"382,382"	"211,211"	
"MOBS03"												
"MOBS04"	"145,145"	"154,154"	"170,170"	"153,153"	"226,226"	"356,356"	"308,308"	"213,213"	"163,163"	"368,368"	"220,220"	
"MOBS05"												
"MOBS07"	"145,145"	"154,154"	"170,170"	"153,153"	"226,226"	"356,356"	"308,308"	"213,213"	"163,163"	"368,368"	"220,220"	
"MOBS08"	"145,145"	"154,154"	"170,170"	"165,165"	"226,226"	"356,356"	"308,308"	"216,216"	"163,163"	"368,368"	"211,211"	
"MOBS09"	"145,145"	"154,154"	"170,170"	"153,153"	"226,226"	"356,356"	"308,308"	"216,216"	"163,163"	"368,368"	"220,220"	
"MOBS10"	"145,145"	"154,154"	"170,170"	"165,165"	"226,226"	"356,356"	"308,308"	"216,216"	"163,163"	"368,368"	"211,211"	
"MOBS11"	"145,145"	"154,154"	"170,170"	"153,153"	"226,226"	"356,356"	"308,308"	"216,216"	"163,163"	"368,368"	"220,220"	
"MOBS12"	"145,145"	"154,154"		"165,165"	"226,226"		"308,308"	"216,216"	"163,163"	"368,368"	"211,211"	
"MOBS13"	"145,145"	"154,154"	"170,170"	"153,153"	"226,226"	"356,356"	"308,308"	"213,213"	"163,163"	"368,368"	"211,211"	
"MOBS14"	"145,145"	"154,154"	"170,170"	"165,165"	"226,226"	"356,356"	"308,308"	"216,216"	"163,163"	"368,368"	"211,211"	
"MOBS15"	"145,145"	"154,154"	"170,170"	"162,162"	"226,226"	"356,356"	"308,308"	"213,213"	"163,163"	"368,368"	"211,211"	
"MOBS16"	"145,145"	"154,154"	"170,170"		"226,226"		"308,308"		"163,163"	"368,368"		
"MOBS16"	"145,145"	"154,154"	"170,170"		"226,226"		"308,308"	"216,216"	"163,163"	"368,368"		
"MOBS17"	"145,145"	"154,154"	"170,170"		"226,226"	"356,356"	"317,317"	"213,213"	"163,163"	"368,368"	"220,220"	
"MOBS18"	"145,145"	"154,154"	"170,170"		"226,226"	"356,356"	"308,308"	"213,213"	"163,163"	"368,368"	"211,211"	
"MOBS19"	"145,145"	"154,154"	"170,170"	"153,153"	"226,226"	"356,356"	"308,308"	"213,213"	"163,163"	"368,368"	"211,211"	
"MOBS20"										"368,368"		"**combine,wit,new"
"MOBS20"	"145,145"	"154,154"		"165,165"	"226,226"		"308,308"	"213,213"		"368,368"		
"MOBS21"	"145,145"	"154,154"	"170,170"	"153,153"	"226,226"	"356,356"	"308,308"	"213,213"	"163,163"	"368,368"	"220,220"	
"MOBS22"		"154,154"		"153,153"			"308,308"					
"MOBS23"	"145,145"	"154,154"	"170,170"	"153,153"	"226,226"		"308,308"	"213,213"	"163,163"	"368,368"	"211,211"	
"MOBS24"	"145,145"	"154,154"	"170,170"	"153,153"	"226,226"	"356,356"	"308,308"	"213,213"	"163,163"	"368,368"	"211,211"	
"MOBS25"		"154,154"	"170,170"	"165,165"	"226,226"		"308,308"		"163,163"	"368,368"		
"MOBS26"	"145,145"	"154,154"	"170,170"	"153,153"	"226,226"		"308,308"	"216,216"	"163,163"	"368,368"	"211,211"	
"MOBS27"	"145,145"		"170,170"				"308,308"					
"MOBS28"	"145,145"	"154,154"	"170,170"	"153,153"		"356,356"	"308,308"	"216,216"	"163,163"	"368,368"	"211,211"	
"MOBS29"		"154,154"	"170,170"				"308,308"		"163,163"	"368,368"		
"MOBS3"												
"MOBS30"	"145,145"	"154,154"	"170,170"	"153,153"	"226,226"	"356,356"	"308,308"	"198,213"	"163,163"	"368,368"	"211,211"	
"MOBS31"	"145,145"	"154,154"	"170,170"	"165,165"	"226,226"	"356,356"	"308,308"	"216,216"	"163,163"	"368,368"	"211,211"	
"MOBS32"	"145,145"	"154,154"	"170,170"	"159,159"		"356,356"	"308,308"	"216,216"	"163,163"	"368,368"	"211,211"	
"MOBS33"	"145,145"	"154,154"	"170,170"	"165,165"	"226,226"		"308,308"	"216,216"	"163,163"	"368,368"		
"MOBS34"	"145,145"	"154,154"	"170,170"	"159,159"	"226,226"	"342,356"	"308,308"	"213,213"		"368,368"		
"MOBS35"	"145,145"	"154,154"	"170,170"	"165,165"	"226,226"	"356,356"	"308,308"	"216,216"		"368,368"	"211,211"	
"MOBS36"	"145,145"		"170,170"	"153,153"	"226,226"	"356,356"	"308,308"	"213,213"	"163,163"	"368,368"	"211,211"	
"MOBS37"	"145,145"	"154,154"	"170,170"	"153,153"	"226,226"	"356,356"	"308,308"	"213,213"		"368,368"	"211,211"	
"MOBS38"							"308,308"					
"MOBS39"	"145,145"	"154,154"	"170,170"	"153,153"		"356,356"	"308,308"	"213,213"		"368,368"	"211,211"	
"MOBS40"	"145,145"	"154,154"	"170,170"	"153,153"		"356,356"	"308,308"	"213,213"	"163,163"	"368,368"	"211,211"	
"MOBS41"	"145,145"	"154,154"	"170,170"	"153,153"	"226,226"		"308,308"	"213,213"	"163,163"	"368,368"		
"MOBS42"	"145,145"	"154,154"	"170,170"	"168,168"	"226,226"		"308,308"	"213,213"		"368,368"		
"MOBS43"	"145,145"	"154,154"	"170,170"	"153,153"	"226,226"	"356,356"	"308,308"	"213,213"	"163,163"	"368,368"		
"MOBS44"	"145,145"	"154,154"	"170,170"	"168,168"	"226,226"	"356,356"	"308,308"	"213,216"	"163,163"	"368,368"		
"MOBS45"	"145,145"	"154,154"	"170,170"	"168,168"	"226,226"	"356,356"	"308,308"	"213,213"		"382,382"		
"MOBS46"	"145,145"	"154,154"	"170,170"	"165,165"	"226,226"		"308,308"	"216,216"		"368,368"		
"MOBS47"	"145,145"	"154,154"	"170,170"	"168,168"	"226,226"		"308,308"	"213,213"		"382,382"		
"MOBS48"	"145,145"	"154,154"	"170,170"	"153,153"	"226,226"		"308,308"	"216,216"	"163,163"	"368,368"	"211,211"	
"MOBS49"	"145,145"			"168,168"			"308,308"	"213,213"		"382,382"		
"MOBS5"	"145,145"	"154,154"	"170,170"		"226,226"		"308,308"	"216,216"	"163,163"	"368,368"		"**combine,wit,new"
"MOBS50"	"145,145"	"154,154"	"170,170"	"165,165"	"226,226"	"342,356"	"308,308"	"216,216"	"163,163"	"368,368"	"211,211"	
"MOBS6"		"154,154"		"153,153"	"226,226"		"308,308"	"213,213"	"163,163"	"368,368"		
"MOBU03"	"145,145"	"154,154"	"170,170"	"162,162"	"226,226"	"356,356"	"308,308"	"216,216"	"163,163"	"368,368"	"220,220"	
"MOBU07"	"145,145"	"154,154"	"170,170"	"162,162"	"226,226"	"356,356"	"284,284"	"216,216"	"163,163"	"368,368"	"226,226"	
"MOBU09"	"145,145"	"154,154"	"170,170"	"162,162"	"226,226"		"284,284"	"216,216"	"163,163"	"368,368"	"226,226"	
"MOBU11"	"145,145"	"154,154"	"170,170"	"165,165"	"226,226"	"356,356"	"308,308"	"213,213"	"163,163"	"382,382"	"211,211"	
"MOBU12"	"145,145"	"154,154"	"170,170"	"171,171"	"226,226"	"356,356"	"284,284"	"216,216"	"163,163"	"368,368"	"226,226"	
"MOBU14"	"145,145"	"154,154"	"170,170"	"162,162"	"226,226"	"356,356"	"284,284"	"216,216"	"163,163"	"368,368"	"226,226"	
"MOBU17"	"145,145"	"154,154"	"170,170"	"171,171"	"226,226"	"356,356"	"284,284"	"216,216"	"163,163"	"368,368"	"226,226"	
"MOBU20"	"145,145"	"154,154"	"170,170"	"171,171"	"226,226"	"356,356"	"284,284"	"216,216"	"163,163"	"368,368"	"226,226"	
"MOBU22"												
"MOBU26"		"154,154"	"170,170"	"162,162"	"226,226"		"284,284"			"368,368"		
"MOBU27"		"154,154"	"170,170"	"162,162"	"226,226"		"284,284"			"368,368"		
"MOBU30"		"154,154"										
"MOBU32"	"145,145"	"154,154"	"170,170"	"162,162"	"226,226"	"356,356"	"308,308"	"213,213"	"163,163"	"382,382"	"211,226"	
"MOBU33"	"145,145"	"154,154"	"170,170"	"165,165"	"226,226"	"356,356"	"308,308"	"213,213"	"163,163"	"382,382"	"211,211"	
"MOBU36"	"145,145"	"154,154"	"170,170"	"162,162"	"226,226"	"356,356"	"308,308"	"213,213"	"163,163"	"382,382"	"211,211"	
"MOBU37"	"145,145"	"154,154"	"170,170"	"162,162"	"226,226"		"284,284"	"216,216"	"163,163"	"368,368"		
"MOBU39"	"145,145"	"154,154"	"170,170"		"226,226"	"356,356"	"308,308"	"213,213"	"163,163"	"382,382"	"211,211"	
"MOBU42"	"145,145"	"154,154"		"162,162"	"226,226"		"284,284"			"368,368"		
"MOBU48"	"145,145"	"154,154"	"170,170"	"162,162"	"226,226"	"356,356"	"308,308"	"213,213"	"163,163"	"382,382"	"211,211"	
"MOBU50"	"145,145"	"154,154"		"162,162"	"226,226"		"284,284"	"216,216"		"368,368"		
"MOHC01"	"145,145"	"154,154"	"170,170"	"162,162"	"226,226"	"356,356"	"308,308"	"198,198"	"163,163"	"368,368"	"220,220"	
"MOHC03"	"145,145"	"154,154"	"170,170"	"162,162"	"226,226"	"356,356"	"308,308"	"198,198"	"163,163"	"368,368"	"220,220"	
"MOHC05"	"145,145"	"154,154"	"170,170"	"162,162"	"226,226"	"356,356"	"308,308"	"198,198"	"163,163"	"368,368"	"220,220"	
"MOHC06"	"145,145"	"154,154"	"170,170"	"162,162"	"226,226"	"356,356"	"308,308"	"198,198"	"163,163"	"368,368"	"220,220"	
"MOHC07"	"145,145"	"154,154"	"170,170"	"162,162"	"226,226"	"356,356"	"308,308"	"198,198"	"163,163"	"368,368"	"220,220"	
"MOHC11"	"145,145"	"154,154"	"170,170"	"162,162"	"226,226"	"356,356"	"284,284"	"198,198"	"163,163"	"368,368"	"220,220"	
"MOHC17"		"154,154"			"226,226"	"356,356"	"284,284"					
"MOHC19"	"145,145"	"154,154"						"198,198"	"163,163"	"368,368"		
"MOHC22"	"145,145"	"154,154"	"170,170"	"162,162"	"226,226"	"356,356"	"284,284"	"198,198"	"163,163"	"368,368"	"220,220"	
"MOHC24"	"145,145"	"154,154"		"162,162"	"226,226"	"356,356"	"284,284"	"198,198"	"163,163"	"368,368"	"220,220"	
"MOHC27"	"145,145"	"154,154"	"170,170"	"162,162"	"226,226"	"356,356"	"284,284"	"198,198"	"163,163"	"368,368"	"220,220"	
"MOHC28"	"145,145"	"154,154"	"170,170"	"162,162"	"226,226"	"356,356"	"284,284"	"198,198"	"163,163"	"368,368"	"220,220"	
"MOHC30"	"145,145"	"154,154"	"170,170"	"162,162"	"226,226"	"356,356"	"284,284"	"198,213"	"163,163"	"368,368"	"220,220"	
"MOHC37"												
"MOHC38"		"154,154"			"226,226"		"284,284"			"368,368"		
"MOHC40"	"145,145"	"154,154"	"170,170"	"162,162"	"226,226"	"356,356"	"284,284"	"198,198"	"163,163"	"368,368"	"220,220"	
"MOHC41"		"154,154"			"226,226"		"284,284"	"198,198"		"368,368"		
"MOHC42"												
"MOHC43"	"145,145"	"154,154"		"162,162"	"226,226"	"356,356"	"284,284"	"198,198"	"163,163"	"368,368"	"217,217"	
"MOHC48"	"145,145"	"154,154"	"170,170"	"162,162"	"226,226"	"356,356"	"284,284"	"198,198"	"163,163"	"368,368"	"220,220"	
"MOOC01"	"145,145"	"154,154"	"170,170"	"153,153"	"226,226"	"356,356"	"308,308"	"216,216"	"163,163"	"368,368"	"217,217"	
"MOOC03"	"145,145"	"154,154"	"170,170"		"226,226"	"356,356"	"308,308"	"216,216"	"163,163"	"368,368"	"217,217"	
"MOOC04"	"145,145"	"154,154"	"170,170"	"153,162"	"226,226"	"356,356"	"308,308"	"216,216"	"163,163"	"368,368"	"217,217"	
"MOOC07"	"145,145"	"154,154"	"170,170"		"226,226"	"356,356"	"308,308"	"216,216"	"163,163"	"368,368"	"217,217"	
"MOOC08"												
"MOOC10"	"145,145"	"154,154"	"170,170"	"153,153"	"226,226"	"356,356"	"308,308"	"216,216"	"163,163"	"368,368"	"217,217"	
"MOOC12"	"145,145"	"154,154"	"170,170"	"153,153"	"226,226"	"356,356"	"308,308"	"216,216"	"163,163"	"368,368"	"217,217"	
"MOOC13"	"145,145"	"154,154"	"170,170"	"162,162"	"226,226"		"308,308"	"216,216"	"163,163"	"368,368"	"217,217"	
"MOOC14"		"154,154"			"226,226"		"308,308"		"163,163"			
"MOOC16"	"145,145"	"154,154"	"170,170"	"153,153"	"226,226"	"356,356"	"308,308"	"216,216"	"163,163"	"368,368"	"217,217"	
"MOOC21"	"145,145"	"154,154"	"170,170"		"226,226"	"356,356"	"308,308"	"216,216"	"163,163"	"368,368"	"217,217"	
"MOOC24"	"145,145"	"154,154"	"170,170"	"153,153"	"226,226"	"356,356"	"308,308"	"216,216"	"163,163"	"368,368"	"217,217"	
"MOOC26"	"145,145"	"154,154"	"170,170"	"153,153"	"226,226"	"356,356"	"308,308"	"216,216"	"163,163"	"368,368"	"217,217"	
"MOOC28"	"145,145"	"154,154"	"170,170"	"153,153"	"226,226"	"356,356"	"308,308"	"216,216"	"163,163"	"368,368"	"217,217"	
"MOOC29"	"145,145"	"154,154"	"170,170"	"153,153"	"226,226"	"356,356"	"308,308"	"216,216"	"163,163"	"368,368"	"217,217"	
"MOOC32"	"145,145"	"154,154"	"170,170"	"153,153"	"226,226"	"356,356"	"308,308"	"216,216"	"163,163"	"368,368"	"217,217"	
"MOOC34"	"145,145"	"154,154"	"170,170"	"153,153"	"226,226"	"356,356"	"308,308"	"216,216"	"163,163"	"368,368"	"217,217"	
"MOOC36"	"145,145"	"154,154"	"170,170"	"153,153"	"226,226"		"308,308"		"163,163"	"368,368"		
"MOOC37"		"154,154"	"170,170"	"162,162"	"226,226"		"308,308"		"163,163"	"368,368"		
"MOOC40"	"145,145"	"154,154"	"170,170"	"153,153"	"226,226"	"356,356"	"308,308"	"216,216"	"163,163"	"368,368"	"217,217"	
"MOSH01"	"145,145"	"154,154"	"170,170"	"162,162"	"226,226"	"356,356"	"308,308"	"216,216"	"163,163"	"368,368"	"217,217"	
"MOSH03"	"145,145"	"154,154"	"170,170"		"226,226"	"356,356"	"308,308"	"216,216"	"163,163"	"368,368"	"217,217"	
"MOSH04"	"145,145"	"154,154"	"170,170"		"226,226"	"356,356"	"308,308"	"216,216"	"163,163"	"368,368"	"217,217"	
"MOSH05"	"145,145"	"154,154"	"170,170"	"153,153"	"226,226"	"356,356"	"308,308"	"216,216"	"163,163"	"368,368"	"217,217"	
"MOSH07"	"145,145"	"154,154"	"170,170"	"153,153"	"226,226"	"356,356"	"308,308"	"216,216"	"163,163"	"368,368"	"217,217"	
"MOSH09"	"145,145"	"154,154"	"170,170"		"226,226"	"356,356"	"308,308"	"216,216"	"163,163"	"368,368"	"217,217"	
"MOSH11"	"145,145"	"154,154"	"170,170"	"153,153"	"226,226"	"356,356"	"308,308"	"216,216"	"163,163"	"368,368"	"217,217"	
"MOSH13"	"145,145"	"154,154"	"170,170"	"162,162"	"226,226"	"356,356"	"308,308"	"216,216"	"163,163"	"368,368"	"217,217"	
"MOSH14"	"145,145"	"154,154"	"170,170"	"162,168"	"226,226"	"356,356"	"308,308"	"216,216"	"163,163"	"368,368"	"217,217"	
"MOSH16"	"145,145"	"154,154"	"170,170"	"162,162"	"226,226"	"356,356"	"308,308"	"216,216"	"163,163"	"368,368"	"217,217"	
"MOSH17"	"145,145"	"154,154"	"170,170"	"153,153"	"226,226"	"356,356"	"308,308"	"216,216"	"163,163"	"368,368"	"217,217"	
"MOSH18"	"145,145"	"154,154"	"170,170"	"162,162"	"226,226"	"356,356"	"308,308"	"216,216"	"163,163"	"368,368"	"217,217"	
"MOSH21"	"145,145"	"154,154"	"170,170"	"162,168"	"226,226"	"356,356"	"308,308"	"216,216"	"163,163"	"368,368"	"217,217"	
"MOSH22"	"145,145"	"154,154"	"170,170"	"168,168"	"226,226"	"356,356"	"308,308"	"216,216"	"163,163"	"368,368"	"217,217"	
"MOSH24"	"145,145"	"154,154"	"170,170"	"168,168"	"226,226"	"356,356"	"308,308"	"216,216"	"163,163"	"368,368"	"217,217"	
"MOSH32"	"145,145"	"154,154"	"170,170"	"168,168"	"226,226"	"356,356"	"308,308"	"216,216"	"163,163"		"217,217"	
"MOSH36"	"145,145"	"154,154"	"170,170"	"168,168"	"226,226"	"356,356"	"308,308"	"216,216"	"163,163"	"368,368"	"217,217"	
"MOSH45"	"145,145"	"154,154"	"170,170"	"168,168"	"226,226"	"356,356"	"308,308"	"216,216"	"163,163"	"368,368"	"217,217"	
"MOSH48"	"145,145"	"154,154"	"170,170"		"226,226"	"356,356"	"308,308"	"213,213"	"163,163"		"217,217"	
"MOSH51"	"145,145"	"154,154"	"170,170"	"168,168"	"226,226"	"356,356"	"308,308"	"216,216"	"163,163"	"368,368"	"217,217"	
"NHER01"	"145,145"	"154,154"	"170,170"	"165,165"	"226,226"	"356,356"	"308,308"	"213,213"	"163,163"	"382,382"	"220,220"	
"NHER02"	"145,145"	"154,154"	"170,170"	"165,165"	"226,226"	"356,356"	"308,308"	"213,213"	"163,163"	"382,382"	"220,220"	
"NHER03"	"145,145"	"154,154"	"170,170"	"165,165"	"226,226"	"356,356"	"308,308"	"213,213"	"163,163"	"382,382"	"220,220"	
"NHER04"	"145,145"	"154,154"	"170,170"	"165,165"	"226,226"	"356,356"	"308,308"	"213,213"	"163,163"	"382,382"	"220,220"	
"NHER05"	"145,145"	"154,154"	"167,167"	"151,162"	"226,226"	"356,356"	"308,308"	"213,213"	"163,163"	"382,382"	"217,217"	
"NHER06"	"145,145"	"154,154"	"170,170"	"162,165"	"226,226"	"356,356"	"308,308"	"213,213"	"163,163"	"382,382"	"220,220"	
"NHER07"	"145,145"	"154,154"	"170,170"	"165,165"	"226,226"	"356,356"	"308,308"	"213,213"	"163,163"	"382,382"	"220,220"	
"NHER08"	"145,145"	"154,154"	"167,167"	"151,162"	"226,226"	"356,356"	"308,308"	"213,213"	"163,163"	"382,382"		
"NHER09"	"145,145"	"154,154"	"170,170"		"226,226"	"356,356"	"308,308"	"213,213"	"163,163"		"220,220"	
"NHER10"	"145,145"	"154,154"	"167,167"		"226,226"	"356,356"	"308,308"	"213,213"	"163,163"	"382,382"	"217,217"	
"NHER11"	"145,145"	"154,154"	"170,170"	"165,165"	"226,226"	"356,356"	"308,308"	"213,213"	"163,163"	"382,382"	"220,220"	
"NHER12"												
"NHER13"	"145,145"	"154,154"	"167,167"	"151,162"	"226,226"	"356,356"	"308,308"	"213,213"	"163,163"		"217,217"	
"NHER14"	"145,145"	"154,154"	"167,167"	"151,162"	"226,226"	"356,356"	"308,308"	"213,213"	"163,163"	"382,382"	"217,217"	
"NHER15"	"145,145"	"154,154"	"167,167"	"162,162"	"226,226"	"356,356"	"308,308"	"213,213"	"163,163"	"382,382"	"217,217"	
"NHER16"	"145,145"	"154,154"	"167,167"	"162,162"	"226,226"	"356,356"	"308,308"	"213,213"	"163,163"	"382,382"	"217,217"	
"NHER17"	"145,145"	"154,154"	"167,167"	"151,162"	"226,226"	"356,356"	"308,308"	"213,213"	"163,163"	"382,382"	"217,217"	
"NHER18"	"145,145"	"154,154"	"167,167"	"162,162"	"226,226"	"356,356"	"308,308"	"213,213"	"163,163"	"382,382"	"217,217"	
"NHER19"	"145,145"	"154,154"	"167,167"	"162,162"	"226,226"	"356,356"	"308,308"	"213,213"	"163,163"	"382,382"	"217,217"	
"NHER21"	"145,145"	"154,154"	"167,167"	"162,162"	"226,226"	"356,356"	"308,308"	"213,213"	"163,163"		"217,217"	
"NJKP01"	"145,145"	"154,154"	"167,167"	"162,162"	"226,226"	"356,356"	"308,308"	"213,213"	"169,169"	"382,382"	"208,208"	
"NJKP02"	"145,145"	"154,154"	"167,167"	"162,162"	"226,226"	"356,356"	"308,308"	"213,213"	"169,169"	"382,382"	"208,208"	
"NJKP03"												
"NJKP04"	"145,145"	"154,154"	"167,167"	"162,162"	"226,226"	"356,356"	"308,308"	"213,213"	"169,169"	"382,382"	"208,208"	
"NJKP05"	"145,145"	"154,154"	"167,167"	"162,162"	"226,226"	"356,356"	"308,308"	"213,213"	"169,169"	"382,382"	"208,208"	
"NJKP06"	"145,145"	"154,154"	"167,167"	"162,162"	"226,226"	"356,356"	"308,308"	"213,213"	"169,169"	"382,382"	"208,208"	
"NJKP07"	"145,145"	"154,154"	"167,167"	"162,162"	"226,226"	"356,356"	"308,308"	"213,213"	"169,169"	"382,382"	"208,208"	
"NJKP08"	"145,145"	"154,154"			"226,226"	"356,356"	"308,308"			"382,382"		
"NJKP09"	"145,145"	"154,154"	"167,167"	"153,153"	"226,226"	"356,356"	"308,308"	"213,213"	"169,169"	"382,382"	"208,208"	
"NJKP10"	"145,145"	"154,154"	"167,167"	"162,162"	"226,226"	"356,356"	"308,308"	"213,213"	"169,169"	"382,382"	"208,208"	
"NJKP11"	"145,145"	"154,154"	"167,167"	"162,162"	"226,226"	"356,356"	"308,308"	"213,213"	"169,169"	"382,382"	"208,208"	
"NJKP12"	"145,145"	"154,154"	"167,167"	"162,162"	"226,226"	"356,356"	"308,308"	"213,213"	"169,169"	"382,382"	"208,208"	
"NJKP13"	"145,145"	"154,154"	"167,167"	"162,162"	"226,226"	"356,356"	"308,308"	"213,213"	"169,169"	"382,382"	"208,208"	
"NJKP14"	"145,145"	"154,154"	"167,167"	"162,162"	"226,226"	"356,356"	"308,308"	"213,213"	"169,169"	"382,382"	"208,208"	
"NJKP15"	"145,145"	"154,154"	"167,167"	"162,162"	"226,226"	"356,356"	"308,308"	"213,213"	"169,169"	"382,382"	"208,208"	
"NJKP20"	"145,145"	"154,154"	"167,167"	"162,162"	"226,226"	"356,356"	"308,308"	"213,213"	"169,169"	"382,382"	""	
"NJKP24"	"145,145"	"154,154"	"167,167"	"162,162"	"226,226"	"356,356"	"308,308"	"213,213"	"169,169"	"382,382"	"208,208"	
"NJKP25"	"145,145"	"156,156"	"170,170"	"159,159"	"226,226"	"358,358"	"308,308"	"207,216"	"163,163"	"382,382"	"208,208"	
"NJKP26"												
"NJKP31"	"145,145"	"154,154"	"167,167"	"162,162"	"226,226"	"356,356"	"308,308"	"213,213"	"169,169"	"382,382"	"208,208"	
"NYMP01"	"135,135"	"154,154"	"167,167"	"162,162"	"226,226"	"358,358"	"323,323"	"216,216"	"163,163"	"382,382"	"217,217"	
"NYMP02"	"135,135"	"154,154"	"167,167"	"162,162"	"226,226"	"358,358"	"323,323"	"216,216"	"163,163"	"382,382"	"217,217"	
"NYMP03"	"135,135"	"154,154"	"167,167"	"162,162"	"226,226"	"358,358"	"323,323"	"216,216"	"163,163"	"382,382"	"217,217"	
"NYMP08"	"135,135"	"154,154"	"167,167"	"162,162"	"226,226"	"358,358"	"323,323"	"216,216"	"163,163"	"382,382"	"217,217"	
"NYMP09"	"135,135"	"154,154"	"167,167"	"162,162"	"226,226"	"358,358"	"323,323"	"216,216"	"163,163"	"382,382"	"217,217"	
"NYMP11"	"135,135"	"154,154"	"167,167"	"162,162"	"226,226"	"358,358"	"323,323"	"216,216"	"163,163"	"382,382"	"217,217"	
"NYMP12"	"135,135"	"154,154"	"167,167"	"162,162"	"226,226"	"358,358"	"323,323"	"216,216"	"163,163"	"382,382"	"217,217"	
"NYMP13"	"135,135"	"154,154"	"167,167"	"162,162"	"226,226"	"358,358"	"323,323"	"216,216"	"163,163"	"382,382"	"217,217"	
"NYMP14"	"135,135"	"154,154"	"167,167"	"162,162"	"226,226"	"358,358"	"323,323"	"216,216"	"163,163"	"382,382"	"217,217"	
"NYMP15"	"135,135"	"154,154"	"167,167"	"162,162"	"226,226"	"358,358"	"323,323"	"216,216"	"163,163"	"382,382"	"217,217"	
"NYMP18"	"135,135"	"154,154"	"167,167"	"162,162"	"226,226"	"358,358"	"323,323"	"216,216"	"163,163"	"382,382"	"217,217"	
"NYMP19"	"135,135"	"154,154"	"167,167"	"162,162"	"226,226"	"358,358"	"323,323"	"216,216"	"163,163"	"382,382"	"217,217"	
"NYMP21"												
"NYMP24"	"135,135"	"154,154"	"167,167"	"162,162"	"226,226"	"358,358"	"323,323"	"216,216"	"163,163"	"382,382"	"217,217"	
"NYMP25"	"135,135"	"154,154"	"167,167"	"162,162"	"226,226"	"358,358"	"323,323"	"216,216"	"163,163"	"382,382"	"217,217"	
"NYMP26"	"135,135"	"154,154"	"167,167"	"162,162"	"226,226"	"358,358"	"323,323"	"216,216"	"163,163"	"382,382"	"217,217"	
"NYMP27"	"135,135"	"154,154"	"167,167"	"165,165"	"226,226"	"358,358"	"323,323"	"216,216"	"163,163"	"382,382"	"217,217"	
"NYMP28"	"135,135"	"154,154"	"167,167"	"162,162"	"226,226"	"358,358"	"323,323"	"216,216"	"163,163"	"382,382"	"217,217"	
"NYMP32"	"135,135"	"154,154"	"167,167"	"162,162"	"226,226"	"358,358"	"323,323"	"216,216"	"163,163"	"382,382"	"217,217"	
"NYMP33"	"135,135"	"154,154"	"167,167"	"162,162"	"226,226"	"358,358"	"323,323"	"216,216"	"163,163"	"382,382"	"217,217"	
"NYTS01"	"135,135"	"154,154"	"167,167"	"162,162"	"226,226"	"358,358"	"308,308"	"216,216"	"163,163"	"382,382"	"217,217"	
"NYTS04"	"135,135"	"154,154"	"170,170"	"162,162"	"226,226"	"356,356"	"308,308"	"216,216"	"163,163"	"368,368"	"220,220"	
"NYTS08"	"135,135"	"154,154"	"170,170"	"162,162"	"226,226"	"356,356"	"308,308"	"216,216"	"163,163"	"368,368"	"220,220"	
"NYTS09"	"135,135"	"154,154"	"167,167"	"162,162"	"226,226"	"356,356"	"308,308"	"216,216"	"163,163"	"368,368"	"220,220"	
"NYTS10"	"135,135"	"154,154"	"170,170"	"162,162"	"226,226"	"356,356"	"308,308"	"216,216"	"163,163"	"368,368"	"220,220"	
"NYTS12"	"135,135"	"154,154"	"170,170"	"162,162"	"226,226"	"356,356"	"308,308"	"216,216"	"163,163"	"368,368"	"220,220"	
"NYTS13"	"135,135"	"154,154"	"167,167"	"162,162"	"226,226"	"356,356"	"308,308"	"216,216"	"163,163"	"368,368"		
"NYTS16"	"135,135"	"154,154"	"170,170"	"162,162"	"226,226"	"356,356"	"308,308"	"216,216"	"163,163"	"368,368"	"220,220"	
"NYTS17"	"135,135"	"154,154"	"167,167"	"162,162"	"226,226"	"356,356"	"308,308"	"216,216"	"163,163"	"368,368"	"220,220"	
"NYTS20"	"135,135"	"154,154"	"170,170"	"162,162"	"226,226"	"356,356"	"308,308"	"216,216"	"163,163"	"368,368"	"220,220"	
"NYTS22"	"135,135"	"154,154"	"170,170"	"162,162"	"226,226"	"356,356"	"308,308"	"216,216"	"163,163"	"368,368"	"220,220"	
"NYTS25"	"135,135"	"154,154"	"167,167"	"162,162"	"226,226"	"358,358"	"308,308"	"216,216"	"163,163"	"382,382"	"217,217"	
"NYTS26"	"135,135"	"154,154"	"170,170"	"162,162"	"226,226"	"356,356"	"308,308"	"216,216"	"163,163"	"368,368"		
"NYTS27"	"135,135"	"154,154"	"167,167"	"162,162"	"226,226"	"358,358"	"308,308"	"216,216"	"163,163"	"382,382"	"217,217"	
"NYTS28"	"135,135"	"154,154"	"170,170"	"162,162"	"226,226"	"356,356"	"308,308"	"216,216"	"163,163"	"368,368"	"220,220"	
"NYTS29"	"135,135"	"154,154"	"167,167"	"162,162"	"226,226"	"358,358"	"308,308"	"216,216"	"163,163"	"382,382"	"217,217"	
"NYTS31"	"135,135"	"154,154"	"167,167"	"162,162"	"226,226"	"358,358"	"308,308"	"216,216"		"382,382"	"217,217"	
"NYTS32"	"135,135"	"154,154"	"170,170"	"162,162"	"226,226"		"308,308"		"163,163"	"368,368"		
"NYTS33"	"135,135"	"154,154"	"167,167"	"162,162"	"226,226"		"308,308"	"216,216"		"382,382"	"217,217"	
"NYTS34"	"135,135"	"154,154"	"170,170"	"162,162"	"226,226"	"356,356"	"308,308"	"216,216"	"163,163"	"368,368"	"220,220"	
"OHBH01"	"145,145"	"154,154"	"167,167"	"162,162"	"226,226"	"358,358"	"308,308"	"216,216"	"163,163"	"382,382"	"220,220"	
"OHBH02"												
"OHBH03"	"145,145"	"154,154"	"167,167"	"162,162"	"226,226"	"358,358"	"308,308"	"216,216"	"163,163"	"382,382"	"220,220"	
"OHBH06"	"145,145"	"154,154"	"167,167"	"162,162"	"226,226"	"358,358"	"308,308"	"216,216"	"163,163"	"382,382"	"220,220"	
"OHBH08"	"145,145"	"154,154"	"167,167"	"162,162"	"226,226"	"358,358"	"308,308"	"216,216"	"163,163"	"382,382"	"220,220"	
"OHBH09"												
"OHBH10"												
"OHBH12"	"145,145"	"154,154"	"167,167"	"162,162"	"226,226"	"358,358"	"308,308"	"216,216"	"163,163"	"382,382"	"220,220"	
"OHBH13"	"145,145"	"154,154"	"167,167"	"162,162"	"226,226"	"358,358"	"308,308"	"216,216"	"163,163"	"382,382"	"220,220"	
"OHBH16"												
"OHBH18"	"145,145"	"154,154"	"167,167"	"162,162"	"226,226"	"358,358"	"308,308"	"216,216"	"163,163"	"382,382"	"220,220"	
"OHBH20"												
"OHBH22"	"145,145"	"154,154"	"167,167"	"162,162"	"226,226"	"358,358"	"308,308"	"216,216"	"163,163"	"382,382"	"220,220"	
"OHBH23"	"145,145"	"154,154"	"167,167"	"162,162"	"226,226"	"358,358"	"308,308"	"216,216"	"163,163"	"382,382"	"220,220"	
"OHBH26"												
"OHBH27"	"145,145"	"154,154"	"167,167"	"162,162"	"226,226"	"358,358"	"308,308"	"216,216"	"163,163"	"382,382"	"220,220"	
"OHBH28"	"145,145"	"154,154"	"167,167"		"226,226"		"308,308"					
"OHBH29"	"145,145"	"154,154"	"167,167"	"162,162"	"226,226"	"358,358"	"308,308"	"216,216"	"163,163"	"382,382"	"220,220"	
"OHBH32"	"145,145"	"154,154"	"167,167"	"162,162"	"226,226"	"358,358"	"308,308"	"216,216"	"163,163"	"382,382"	"220,220"	
"OHBH33"	"145,145"	"154,154"	"167,167"	"162,162"	"226,226"	"358,358"	"308,308"	"216,216"	"163,163"	"382,382"	"220,220"	
"OHHH01"	"145,145"	"154,154"	"170,170"	"162,162"	"226,226"	"358,358"	"308,308"	"216,216"	"163,163"	"368,368"	"220,220"	
"OHHH02"	"145,145"	"154,154"	"167,167"	"162,162"	"226,226"	"358,358"	"308,308"	"216,216"	"163,163"	"368,368"	"220,220"	
"OHHH03"	"145,145"	"154,154"	"167,167"	"162,162"	"226,226"	"358,358"	"308,308"	"213,213"	"163,163"	"368,368"	"220,220"	
"OHHH04"	"145,145"	"154,154"	"170,170"	"162,162"	"226,226"	"358,358"	"308,308"	"213,213"	"163,163"	"368,368"	"220,220"	
"OHHH07"	"145,145"	"154,154"	"170,170"	"162,162"	"226,226"	"358,358"	"308,308"	"213,213"	"163,163"	"368,368"	"220,220"	
"OHHH08"	"145,145"	"154,154"	"170,170"	"162,162"	"226,226"	"358,358"	"308,308"	"213,213"	"163,163"	"368,368"	"220,220"	
"OHHH09"	"145,145"	"154,154"	"170,170"	"162,162"	"226,226"	"358,358"	"308,308"	"213,213"	"163,163"	"368,368"	"220,220"	
"OHHH10"	"145,145"	"154,154"	"167,167"	"153,153"	"226,226"	"358,358"	"308,308"	"216,216"	"163,163"	"368,368"	"220,220"	
"OHHH11"	"145,145"	"154,154"	"170,170"	"162,162"	"226,226"	"358,358"	"308,308"	"213,213"	"163,163"	"368,368"	"220,220"	
"OHHH12"	"145,145"	"154,154"	"170,170"	"162,162"	"226,226"	"358,358"	"308,308"	"216,216"	"163,163"	"368,368"	"220,220"	
"OHHH13"	"145,145"	"154,154"	"167,167"	"162,162"	"226,226"	"358,358"	"308,308"	"213,213"	"163,163"	"368,368"	"220,220"	
"OHHH16"	"145,145"	"154,154"	"170,170"	"153,153"	"226,226"	"358,358"	"308,308"	"216,216"	"163,163"	"368,368"	"220,220"	
"OHHH17"	"145,145"	"154,154"	"167,167"	"162,162"	"226,226"	"358,358"	"308,308"	"216,216"	"163,163"	"368,368"	"220,220"	
"OHHH18"	"145,145"	"154,154"	"170,170"	"153,153"	"226,226"	"358,358"	"308,308"	"216,216"	"163,163"	"368,368"	"220,220"	
"OHHH19"	"145,145"	"154,154"	"167,170"	"162,162"	"226,226"	"358,358"	"308,308"	"213,213"	"163,163"	"368,368"	"220,220"	
"OHHH2"												
"OHHH21"	"145,145"	"154,154"	"170,170"	"162,162"	"226,226"	"358,358"	"308,308"	"213,213"	"163,163"	"368,368"	"220,220"	
"OHHH22"	"145,145"	"154,154"	"167,167"	"162,162"	"226,226"	"358,358"	"308,308"	"216,216"	"163,163"	"368,368"	"220,220"	
"OHHH23"	"145,145"	"154,154"	"170,170"	"162,162"	"226,226"	"358,358"	"308,308"	"213,213"	"163,163"	"368,368"	"220,220"	
"OHHH26"	"145,145"	"154,154"	"170,170"	"162,162"	"226,226"	"358,358"	"308,308"	"213,213"	"163,163"	"368,368"	"220,220"	
"OHHH30"	"145,145"	"154,154"	"170,170"	"162,162"	"226,226"	"358,358"	"308,308"	"216,216"	"163,163"	"368,368"	"220,220"	
"OHHH9"												
"OHHH918"												
"OHPR02"	"145,145"	"154,154"	"167,167"	"162,162"	"226,226"		"308,308"		"163,163"	"382,382"		
"OHPR04"	"145,145"	"154,154"	"167,167"	"162,162"	"226,226"	"358,358"	"308,308"	"216,216"	"163,163"	"382,382"	"220,220"	
"OHPR05"	"145,145"	"154,154"	"167,167"	"162,162"	"226,226"	"358,358"	"308,308"	"216,216"	"163,163"	"382,382"	"220,220"	
"OHPR07"	"145,145"	"154,154"	"167,167"	"162,162"	"226,226"	"358,358"	"308,308"	"216,216"	"163,163"	"382,382"	"220,220"	
"OHPR09"	"145,145"	"154,154"	"167,167"	"162,162"	"226,226"	"358,358"	"308,308"	"216,216"	"163,163"	"382,382"	"220,220"	
"OHPR10"	"148,148"	"154,154"	"167,167"	"162,162"	"226,226"	"358,358"	"308,308"	"216,216"	"163,163"	"382,382"	"220,220"	
"OHPR11"	"145,145"	"154,154"	"167,167"	"162,162"	"226,226"	"358,358"	"308,308"	"216,216"	"163,163"	"382,382"	"220,220"	
"OHPR12"	"145,145"	"154,154"	"167,167"	"162,162"	"226,226"	"358,358"	"308,308"	"216,216"	"163,163"	"382,382"	"220,220"	
"OHPR13"		"154,154"		"162,162"			"308,308"		"163,163"	"382,382"	"220,220"	
"OHPR14"	"145,145"	"154,154"	"167,167"	"162,162"	"226,226"	"358,358"	"308,308"	"216,216"	"163,163"	"382,382"	"220,220"	
"OHPR15"	"145,145"	"154,154"	"167,167"	"162,162"	"226,226"	"358,358"	"308,308"	"216,216"	"163,163"	"382,382"	"220,220"	
"OHPR17"	"145,145"	"154,154"	"167,167"	"162,162"	"226,226"	"358,358"	"308,308"	"216,216"	"163,163"	"382,382"	"220,220"	
"OHPR19"	"145,145"	"154,154"	"167,167"	"162,162"	"226,226"	"358,358"	"308,308"	"216,216"	"163,163"	"382,382"	"220,220"	
"OHPR20"	"145,145"	"154,154"	"167,167"	"162,162"	"226,226"	"358,358"	"308,308"	"216,216"	"163,163"	"382,382"	"220,220"	
"OHPR21"	"145,145"	"154,154"	"167,167"	"162,162"	"226,226"	"358,358"	"308,308"	"216,216"	"163,163"	"382,382"	"220,220"	
"OHPR22"	"145,145"	"154,154"	"167,167"	"162,162"	"226,226"	"358,358"	"308,308"	"216,216"	"163,163"	"382,382"	"220,220"	
"OHPR24"												
"OHPR26"	"145,145"	"154,154"	"176,176"	"162,162"	"226,226"	"358,358"	"308,308"	"216,216"	"163,163"	"382,382"	"220,220"	
"OHPR27"	"145,145"	"154,154"	"167,167"	"162,162"	"226,226"	"358,358"	"308,308"	"216,216"	"163,163"	"382,382"	"220,220"	
"OHPR30"	"145,145"	"154,154"	"167,167"	"162,162"	"226,226"	"358,358"	"308,308"	"216,216"	"163,163"	"382,382"	"220,220"	
"OHSC01"	"145,145"	"154,154"	"170,170"	"162,162"	"226,226"	"356,356"	"308,308"	"213,213"	"163,163"	"368,368"	"220,220"	
"OHSC04"												
"OHSC05"	"145,145"	"154,154"	"170,170"	"162,162"	"226,226"	"356,356"	"308,308"	"213,213"	"163,163"	"368,368"	"220,220"	
"OHSC06"	"145,145"	"154,154"	"170,170"	"162,162"	"226,226"	"356,356"	"308,308"	"213,213"	"163,163"	"368,368"	"220,220"	
"OHSC09"	"145,145"	"154,154"	"170,170"	"162,162"	"226,226"	"356,356"	"308,308"	"213,213"	"163,163"	"368,368"	"220,220"	
"OHSC11"	"145,145"	"154,154"	"170,170"	"162,162"	"226,226"	"356,356"	"308,308"	"213,213"	"163,163"	"368,368"	"220,220"	
"OHSC12"	"145,145"	"154,154"	"170,170"	"162,162"	"226,226"	"356,356"		"213,213"	"163,163"	"368,368"		
"OHSC15"	"145,145"	"154,154"	"170,170"	"162,162"	"226,226"	"356,356"	"308,308"	"213,213"	"163,163"	"368,368"	"220,220"	
"OHSC16"	"145,145"	"154,154"	"170,170"	"162,162"	"226,226"	"356,356"	"308,308"	"213,213"	"163,163"	"368,368"	"220,220"	
"OHSC18"	"145,145"	"154,154"	"170,170"	"162,162"	"226,226"	"356,356"	"308,308"	"213,213"	"163,163"	"368,368"	"220,220"	
"OHSC19"	"145,145"	"154,154"	"170,170"	"162,162"	"226,226"	"356,356"	"308,308"	"213,213"	"163,163"	"368,368"	"220,220"	
"OHSC22"	"145,145"	"154,154"	"170,170"	"162,162"	"226,226"	"356,356"	"308,308"	"213,213"	"163,163"	"368,368"	"220,220"	
"OHSC23"	"145,145"	"154,154"	"170,170"	"162,162"	"226,226"	"356,356"	"308,308"	"213,213"	"163,163"	"368,368"	"220,220"	
"OHSC24"	"145,145"	"154,154"	"170,170"	"162,162"	"226,226"		"308,308"		"163,163"	"368,368"	"220,220"	
"OHSC25"	"145,145"	"154,154"	"170,170"	"162,162"	"226,226"	"356,356"	"308,308"	"213,213"	"163,163"	"368,368"	"220,220"	
"OHSC27"	"145,145"	"154,154"	"170,170"	"162,162"	"226,226"	"356,356"	"308,308"	"213,213"	"163,163"	"368,368"	"220,220"	
"OHSC29"	"145,145"	"154,154"	"170,170"	"162,162"	"226,226"	"356,356"	"308,308"	"213,213"	"163,163"	"368,368"	"220,220"	
"OHSC33"												
"OHSC35"	"145,145"	"154,154"	"170,170"	"162,162"	"226,226"	"356,356"	"308,308"	"213,213"	"163,163"	"368,368"	"220,220"	
"OHSC39"	"145,145"											
"ONRB01"	"145,145"	"154,154"	"170,170"	"162,162"	"226,226"	"356,356"	"308,308"	"213,213"	"163,163"	"382,382"	"217,217"	
"ONRB02"	"145,145"	"154,154"	"170,170"	"162,162"	"226,226"	"356,356"	"308,308"	"213,213"	"163,163"	"382,382"	"217,217"	
"ONRB03"	"145,145"	"154,154"	"170,170"	"162,162"	"226,226"		"308,308"					
"ONRB04"	"145,145"	"154,154"	"170,170"	"162,162"	"226,226"	"356,356"	"308,308"	"213,213"	"163,163"	"382,382"	"217,217"	
"ONRB05"	"145,145"	"154,154"	"170,170"	"162,162"	"226,226"	"356,356"	"308,308"	"213,213"	"163,163"	"382,382"	"217,217"	
"ONRB06"	"145,145"	"154,154"	"170,170"	"162,162"	"226,226"	"356,356"	"308,308"	"213,213"	"163,163"	"382,382"	"217,217"	
"ONRB07"	"145,145"	"154,154"	"170,170"	"162,162"	"226,226"	"356,356"	"308,308"	"213,213"	"163,163"	"382,382"	"217,217"	
"ONRB08"	"145,145"	"154,154"	"170,170"	"162,162"	"226,226"	"356,356"	"308,308"	"213,213"	"163,163"	"382,382"	"217,217"	
"ONRB09"	"145,145"	"154,154"	"170,170"	"162,162"	"226,226"	"356,356"	"308,308"	"213,213"	"163,163"	"382,382"	"217,217"	
"ONRB10"	"145,145"	"154,154"	"170,170"	"162,162"		"356,356"	"308,308"	"213,213"	"163,163"	"382,382"	"217,217"	
"ONRB11"	"145,145"	"154,154"	"170,170"	"162,162"	"226,226"	"356,356"	"308,308"	"213,213"	"163,163"	"382,382"	"217,217"	
"ONRB12"	"145,145"	"154,154"	"170,170"	"162,162"	"226,226"	"356,356"	"308,308"	"213,213"	"163,163"	"382,382"	"217,217"	
"ONRB13"	"145,145"	"154,154"	"170,170"	"162,162"	"226,226"	"356,356"	"308,308"	"213,213"	"163,163"	"382,382"	"217,217"	
"ONRB14"		"154,154"										
"ONRB14"	"145,145"	"154,154"	"170,170"	"162,162"		"356,356"	"308,308"	"213,213"	"163,163"	"382,382"	"217,217"	"**combine,ne,wit,old"
"ONRB15"	"145,145"	"154,154"	"170,170"	"162,162"	"226,226"	"356,356"	"308,308"	"213,213"	"163,163"	"382,382"	"217,217"	
"ONRB16"												
"ONRB16"	"145,145"	"154,154"	"170,170"	"162,162"	"226,226"	"356,356"	"308,308"	"213,213"	"163,163"	"382,382"	"217,217"	"**combine,ne,wit,old"
"ONRB17"												
"ONRB17"	"145,145"	"154,154"	"170,170"	"162,162"	"226,226"		"308,308"	"213,213"	"163,163"	"382,382"		"**combine,ne,wit,old"
"ONRB18"	"145,145"	"154,154"	"170,170"	"162,162"	"226,226"	"356,356"	"308,308"	"213,213"	"163,163"	"382,382"	"217,217"	
"ONRB19"		"154,154"	"170,170"	"162,162"			"308,308"		"163,163"	"382,382"		
"ONRB19"	"145,145"	"154,154"	"170,170"	"162,162"	"226,226"	"356,356"	"308,308"	"213,213"	"163,163"			"**combine,ne,wit,old"
"ONRB20"												
"ONRB20"		"154,154"	"170,170"	"162,162"	"226,226"		"308,308"	"213,213"	"163,163"	"382,382"		"**combine,ne,wit,old"
"ONRB21"										"382,382"		
"ONRB21"	"145,145"	"154,154"	"170,170"	"162,162"	"226,226"	"356,356"	"308,308"	"213,213"	"163,163"	"382,382"	"217,217"	"**combine,ne,wit,old"
"ONRB22"	"145,145"	"154,154"	"170,170"	"162,162"	"226,226"	"356,356"	"308,308"	"213,213"	"163,163"	"382,382"	"217,217"	
"ONRB23"	"145,145"	"154,154"	"170,170"	"162,162"	"226,226"		"308,308"	"213,213"	"163,163"	"382,382"	"217,217"	
"ONRB23"	"145,145"	"154,154"	"170,170"	"162,162"	"226,226"	"356,356"	"308,308"	"213,213"	"163,163"	"382,382"		"**combine,ne,wit,old"
"ONRB24"	"145,145"	"154,154"	"170,170"	"162,162"	"226,226"	"356,356"	"308,308"	"213,213"	"163,163"	"382,382"	"217,217"	
"ONRB25"	"145,145"	"154,154"	"170,170"	"162,162"	"226,226"	"356,356"	"296,296"	"213,213"	"163,163"	"382,382"	"217,217"	
"ONRB26"	"145,145"	"154,154"	"170,170"	"162,162"	"226,226"	"356,356"	"308,308"	"213,213"	"163,163"	"382,382"	"217,217"	
"ONRB27"	"145,145"	"154,154"	"170,170"	"162,162"	"226,226"	"356,356"	"308,308"	"213,213"	"163,163"	"382,382"	"217,217"	
"ONRB28"	"145,145"	"154,154"	"170,170"	"162,162"	"226,226"	"356,356"	"308,308"	"213,213"	"163,163"	"382,382"	"217,217"	
"PABE02"	"145,145"	"154,154"	"167,167"	"162,162"	"226,226"	"358,358"	"299,299"	"216,216"	"163,163"	"382,382"	"217,217"	
"PABE03"	"145,145"	"154,154"	"167,167"	"162,162"	"226,226"		"308,308"	"216,216"	"163,163"	"382,382"	"217,217"	
"PABE04"	"145,145"	"154,154"	"167,167"	"162,162"	"226,226"	"358,358"	"299,299"	"216,216"	"163,163"	"382,382"	"217,217"	
"PABE05"	"145,145"	"154,154"	"167,167"	"162,162"	"226,226"		"299,299"			"382,382"		
"PABE06"	"145,145"	"154,154"	"167,167"	"162,162"	"226,226"	"358,358"	"299,299"	"216,216"	"163,163"	"382,382"	"217,217"	
"PABE07"	"145,145"	"154,154"	"167,167"	"162,162"	"226,226"	"358,358"	"299,299"	"216,216"	"163,163"	"382,382"	"217,217"	
"PABE09"	"145,145"	"154,154"	"167,167"		"226,226"	"358,358"	"299,299"	"216,216"	"163,163"	"382,382"	"217,217"	
"PABE10"	"145,145"	"154,154"	"167,167"	"162,162"	"226,226"	"358,358"	"299,299"	"213,213"	"163,163"	"382,382"	"217,217"	
"PABE11"				"162,162"								
"PABE12"	"145,145"	"154,154"	"167,167"	"162,162"	"226,226"	"358,358"	"299,299"		"163,163"	"382,382"	"217,217"	
"PABE13"	"145,145"	"154,154"	"167,167"	"162,162"	"226,226"	"358,358"	"299,299"		"163,163"	"382,382"	"217,217"	
"PABE15"	"145,145"	"154,154"	"167,167"	"162,162"	"226,226"	"358,358"	"299,299"	"216,216"	"163,163"	"382,382"	"217,217"	
"PABE16"	"145,145"	"154,154"		"162,162"	"226,226"	"358,358"	"299,299"	"213,213"	"163,163"			
"PABE17"				"162,162"								
"PABE18"	"145,145"	"154,154"	"167,167"	"162,162"	"226,226"	"358,358"	"299,299"	"213,213"	"163,163"			
"PABE19"	"145,145"	"154,154"	"167,167"	"162,162"	"226,226"	"358,358"	"299,299"	"216,216"	"163,163"	"382,382"	"217,217"	
"PABE20"	"145,145"	"154,154"	"167,167"	"162,162"	"226,226"	"358,358"	"299,299"	"216,216"	"163,163"	"382,382"		
"PABE21"												
"PABE25"	"145,145"	"154,154"	"167,167"	"177,177"	"226,226"	"358,358"	"299,299"	"216,216"		"382,382"	"217,217"	
"PACR01"	"145,145"	"154,154"	"167,167"	"177,177"	"226,226"	"358,358"	"308,308"	"216,216"	"163,163"	"382,382"	"220,220"	
"PACR02"	"145,145"	"154,154"	"167,167"	"177,177"	"226,226"	"358,358"	"308,308"	"216,216"	"163,163"	"382,382"	"220,220"	
"PACR03"	"145,145"	"154,154"	"167,167"	"177,177"	"226,226"	"358,358"	"308,308"	"216,216"	"163,163"	"382,382"	"220,220"	
"PACR04"	"145,145"	"154,154"	"167,167"		"226,226"	"358,358"	"308,308"	"216,216"	"163,163"	"382,382"	"220,220"	
"PACR05"	"145,145"	"154,154"	"167,167"	"177,177"	"226,226"	"358,358"	"308,308"	"216,216"	"163,163"	"382,382"	"220,220"	
"PACR07"	"145,145"	"154,154"	"167,167"	"168,168"	"226,226"	"358,358"	"308,308"	"216,216"	"163,163"	"382,382"	"220,220"	
"PAGP01"	"145,145"	"154,154"	"167,167"		"216,226"	"358,358"	"308,308"	"216,216"	"163,169"	"368,382"	"217,223"	
"PAGP03"	"145,145"	"154,154"	"170,170"	"168,168"	"216,216"	"358,358"	"308,308"	"216,216"	"163,163"	"368,368"	"220,220"	
"PAGP05"	"145,145"	"154,154"	"170,170"	"168,168"	"216,216"	"358,358"	"308,308"	"216,216"	"163,163"	"368,368"	"220,220"	
"PAGP07"	"145,145"	"154,154"	"170,170"		"216,216"	"358,358"	"308,308"	"216,216"	"163,163"	"368,368"	"220,220"	
"PAGP08"	"145,145"	"154,154"	"167,167"	"162,162"	"216,216"	"358,358"	"308,308"	"216,216"	"163,163"	"368,368"	"223,223"	
"PAGP09"	"145,145"	"154,154"	"170,170"	"168,168"	"216,216"	"358,358"	"308,308"	"216,216"	"163,163"	"368,368"	"220,220"	
"PAGP10"				"168,168"								
"PAGP13"	"145,145"	"154,154"	"170,170"	"168,168"	"216,216"	"358,358"	"308,308"	"216,216"	"163,163"	"368,368"	"220,220"	
"PAGP15"	"145,145"	"154,154"	"170,170"		"216,216"	"358,358"	"308,308"	"216,216"	"163,163"	"368,368"		
"PAGP17"	"145,145"	"154,154"	"170,170"	"168,168"	"216,216"	"358,358"	"308,308"	"216,216"	"163,163"	"368,368"	"220,220"	
"PAGP19"	"145,145"	"154,154"	"167,170"		"216,216"	"358,358"	"308,308"	"216,216"	"163,163"	"382,382"	"220,220"	
"PAGP21"	"145,145"	"154,154"	"170,170"	"168,168"	"216,216"	"358,358"	"308,308"	"216,216"	"163,163"	"368,368"	"220,220"	
"PAGP22"	"145,145"	"154,154"	"170,170"	"168,168"	"216,216"	"358,358"	"308,308"	"216,216"	"163,163"	"368,368"	"220,220"	
"PAGP23"	"145,145"	"154,154"	"170,170"		"216,216"	"358,358"	"308,308"	"216,216"	"163,163"	"368,368"	"220,220"	
"PAGP25"	"145,145"	"154,154"	"167,167"	"168,168"	"226,226"	"358,358"	"308,308"	"216,216"	"163,163"	"382,382"	"217,217"	
"PAGP27"	"145,145"	"154,154"	"167,167"	"168,168"	"226,226"	"358,358"	"308,308"	"216,216"	"163,163"	"382,382"	"217,217"	
"PAGP29"	"145,145"	"154,154"	"167,167"	"168,168"	"226,226"	"358,358"	"308,308"	"216,216"	"163,163"	"382,382"	"217,217"	
"PAGP31"	"145,145"	"154,154"	"167,170"	"168,168"	"216,226"	"358,358"	"308,308"	"216,216"	"163,163"	"368,382"	"217,220"	
"PAGP32"	"145,145"	"154,154"		"168,168"	"216,216"		"308,308"		"163,163"	"368,368"		
"PAGP34"	"145,145"	"154,154"	"170,170"	"162,162"	"216,216"	"358,358"	"308,308"	"216,216"	"163,163"	"368,368"	"220,220"	
"PASG01"	"145,145"	"154,154"	"167,167"	"162,162"	"226,226"	"358,358"	"308,308"	"216,216"	"163,163"	"382,382"	"220,220"	
"PASG02"	"145,145"	"154,154"	"167,167"	"162,162"	"226,226"	"358,358"	"308,308"	"216,216"	"163,163"	"382,382"	"220,220"	
"PASG04"	"145,145"	"154,154"	"167,167"	"162,162"	"226,226"	"358,358"	"308,308"	"216,216"	"163,163"	"382,382"	"220,220"	
"PASG05"	"145,145"	"154,154"	"167,167"	"162,162"	"226,226"	"358,358"	"308,308"	"216,216"	"163,163"	"382,382"	"220,220"	
"PASG06"	"145,145"	"154,154"	"167,167"	"162,162"	"226,226"	"358,358"	"308,308"	"216,216"	"163,163"	"382,382"	"220,220"	
"PASG07"	"145,145"	"154,154"	"167,167"	"162,162"	"226,226"	"358,358"	"308,308"	"216,216"	"163,163"	"382,382"	"220,220"	
"PASG08"	"145,145"	"154,154"	"167,167"	"162,162"	"226,226"	"358,358"	"308,308"	"216,216"	"163,163"	"382,382"	"220,220"	
"PASG09"				"162,162"								
"PASG10"	"145,145"	"154,154"	"167,167"	"162,162"	"226,226"	"358,358"	"308,308"	"216,216"	"163,163"	"382,382"		
"PASG11"	"145,145"	"154,154"	"167,167"	"162,162"	"226,226"	"358,358"	"308,308"	"216,216"	"163,163"	"382,382"	"217,217"	
"VAAC01"	"145,145"	"154,154"	"170,170"	"162,162"	"226,226"	"358,358"	"308,308"	"213,213"	"163,163"	"382,382"	"208,208"	
"VAAC03"	"145,145"	"154,154"	"170,170"	"162,162"	"226,226"	"358,358"	"308,308"	"213,213"	"163,163"	"382,382"	"208,208"	
"VAAC07"	"145,145"	"154,154"	"170,170"	"162,162"	"226,226"	"358,358"	"308,308"	"213,213"	"163,163"	"382,382"	"208,208"	
"VAAC09"	"145,145"	"154,154"	"170,170"	"162,162"	"226,226"	"358,358"	"308,308"	"213,213"	"163,163"	"382,382"	"208,208"	
"VAAC11"	"145,145"	"154,154"	"170,170"	"162,162"	"226,226"	"358,358"	"308,308"	"213,213"	"163,163"	"382,382"	"208,208"	
"VAAC12"				"162,162"								
"VAAC14"	"145,145"	"154,154"	"170,170"	"162,162"	"226,226"		"308,308"	"213,213"	"163,163"	"382,382"		
"VAAC15"	"145,145"	"154,154"	"170,170"	"162,162"	"226,226"	"358,358"	"308,308"	"213,213"	"163,163"	"382,382"	"208,208"	
"VAAC17"	"145,145"	"154,154"	"170,170"	"162,162"	"226,226"	"358,358"	"308,308"	"213,213"	"163,163"	"382,382"	"208,208"	
"VAAC18"	"145,145"	"154,154"	"170,170"	"162,162"	"226,226"	"358,358"	"308,308"	"213,213"	"163,163"	"382,382"	"208,208"	
"VAAC19"	"145,145"	"154,154"	"170,170"	"168,168"	"226,226"		"308,308"	"213,213"		"382,382"		
"VAAC21"	"145,145"	"154,154"	"170,170"	"168,168"	"226,226"	"358,358"	"308,308"	"213,213"	"163,163"	"382,382"	"208,208"	
"VAAC23"	"145,145"	"154,154"	"170,170"	"168,168"	"226,226"	"358,358"	"308,308"	"213,213"	"163,163"	"382,382"	"208,208"	
"VAAC25"	"145,145"	"154,154"	"170,170"	"162,162"	"226,226"	"358,358"	"308,308"	"213,213"	"163,163"	"382,382"	"208,208"	
"VAAC27"				"162,162"								
"VAAC29"	"145,145"	"154,154"	"170,170"	"168,168"	"226,226"	"358,358"	"308,308"		"163,163"	"382,382"	"208,208"	
"VAAC30"	"145,145"	"154,154"	"170,170"	"168,168"	"226,226"	"358,358"	"308,308"	"213,213"	"163,163"	"382,382"	"208,208"	
"VAAC31"	"145,145"	"154,154"	"170,170"	"168,168"	"226,226"	"358,358"	"308,308"	"213,213"	"163,163"	"382,382"	"208,208"	
"VAAC33"				"162,162"								
"VAAC35"	"145,145"	"154,154"	"170,170"	"162,162"	"226,226"	"358,358"	"323,323"	"213,213"	"163,163"	"382,382"	"208,208"	
"VAHB01"	"145,145"	"156,156"	"170,170"	"162,162"	"226,226"	"358,358"	"308,308"	"216,216"	"163,163"	"368,368"	"220,220"	
"VAHB02"	"145,145"	"156,156"	"170,170"	"162,162"	"226,226"	"358,358"	"308,308"	"216,216"	"163,163"	"368,368"	"220,220"	
"VAHB03"	"145,145"	"156,156"	"170,170"	"162,162"	"226,226"	"358,358"	"308,308"	"216,216"	"163,163"	"368,368"	"220,220"	
"VAHB05"	"145,145"	"156,156"	"170,170"	"162,162"	"226,226"	"358,358"	"308,308"		"163,163"	"368,368"		
"VAHB06"	"145,145"	"156,156"	"170,170"	"162,162"	"226,226"	"358,358"	"308,308"	"216,216"	"163,163"	"368,368"	"220,220"	
"VAHB07"	"145,145"	"156,156"	"170,170"	"162,162"	"226,226"	"358,358"	"308,308"	"216,216"	"163,163"	"368,368"	"220,220"	
"VAHB09"	"145,145"	"156,156"	"170,170"	"162,162"	"226,226"	"358,358"	"308,308"	"216,216"	"163,163"	"368,368"	"220,220"	
"VAHB11"	"145,145"	"156,156"	"170,170"	"162,162"	"226,226"	"358,358"	"308,308"	"216,216"	"163,163"	"368,368"	"220,220"	
"VAHB14"												
"VAHB16"	"145,145"	"156,156"		"162,162"	"226,226"	"358,358"	"308,308"	"216,216"	"163,163"	"368,368"		
"VAHB17"	"145,145"	"156,156"	"170,170"	"162,162"	"226,226"	"358,358"	"308,308"	"216,216"	"163,163"	"368,368"	"220,220"	
"VAHB19"	"145,145"	"156,156"	"170,170"	"162,162"	"226,226"	"358,358"	"308,308"	"216,216"	"163,163"	"368,368"	"220,220"	
"VAHB21"	"145,145"	"156,156"	"170,170"		"226,226"	"358,358"	"308,308"	"216,216"	"163,163"	"368,368"	"220,220"	
"VAHB22"	"145,145"	"156,156"	"170,170"	"162,162"	"226,226"	"358,358"	"308,308"	"216,216"	"163,163"	"368,368"	"220,220"	
"VAHB25"	"145,145"	"156,156"	"170,170"	"162,162"	"226,226"	"358,358"	"308,308"	"216,216"	"163,163"	"368,368"	"220,220"	
"VAHB28"	"145,145"	"156,156"	"170,170"	"162,162"	"226,226"	"358,358"	"308,308"	"216,216"	"163,163"	"368,368"	"220,220"	
"VAHB29"	"145,145"	"156,156"	"170,170"	"162,162"	"226,226"	"358,358"	"308,308"	"216,216"	"163,163"	"368,368"	"220,220"	
"VAHB31"	"145,145"	"156,156"	"170,170"	"162,162"	"226,226"	"358,358"	"308,308"	"216,216"	"163,163"	"368,368"	"220,220"	
"VAHB35"	"145,145"	"156,156"	"170,170"	"162,162"	"226,226"		"308,308"	"216,216"	"163,163"	"368,368"	"220,220"	
"VASC02"				"162,162"								
"VASC03"				"162,162"								
"VASC04"				"162,162"								
"VASC06"	"145,145"	"154,154"	"170,170"	"162,162"	"226,226"	"358,358"	"308,308"		"163,163"	"382,382"	"220,220"	
"VASC07"												
"VASC08"												
"VASC09"	"145,145"	"154,154"	"170,170"	"162,162"	"226,226"	"358,358"	"308,308"	"213,213"	"163,163"	"382,382"	"217,217"	
"VASC10"												
"VASC11"												
"VASC12"												
"VASC13"												
"VASC14"												
"VASC15"												
"VASC16"												
"VASC18"	"145,145"	"154,154"	"170,170"	"162,162"	"226,226"	"358,358"	"308,308"	"213,213"	"163,163"	"382,382"		
"VASC20"												
"VASC21"												
"VASC22"												
"VASC24"												
"VASC25"												
"WVFM01"	"145,145"	"156,156"	"167,167"	"171,171"	"226,226"	"356,356"	"308,308"	"216,216"	"163,163"	"382,382"	"220,220"	
"WVFM04"	"145,145"	"154,154"	"167,167"	"162,162"	"226,226"	"358,358"	"308,308"	"216,216"	"166,166"	"382,382"	"220,220"	
"WVFM05"	"145,145"	"154,154"	"170,170"	"171,171"	"226,226"	"356,356"	"308,308"	"216,216"	"163,163"	"382,382"	"220,220"	
"WVFM07"	"145,145"	"154,154"	"167,167"	"162,162"	"226,226"	"356,356"	"308,308"	"216,216"				
"WVFM09"	"145,145"	"154,154"	"167,167"	"162,162"	"226,226"	"356,356"	"308,308"	"216,216"	"163,163"	"382,382"	"220,220"	
"WVFM11"	"145,145"	"154,154"	"167,167"	"162,162"	"226,226"	"356,356"	"308,308"	"216,216"	"163,163"	"382,382"	"220,220"	
"WVFM13"	"145,145"	"154,154"	"167,167"	"171,171"	"226,226"	"356,356"	"308,308"	"213,213"	"163,163"	"382,382"	"220,220"	
"WVFM18"												
"WVFM19"	"145,145"	"154,154"	"167,167"	"165,165"	"226,226"	"356,356"	"320,320"	"216,216"	"166,166"	"382,382"	"220,220"	
"WVFM20"	"145,145"	"154,154"	"167,167"	"162,162"	"226,226"	"358,358"	"308,308"	"216,216"	"166,169"	"382,382"	"220,220"	
"WVFM21"	"145,145"	"154,154"	"167,167"	"162,162"	"226,226"	"358,358"	"308,308"	"216,216"	"166,166"	"382,382"	"220,220"	
"WVFM22"	"145,145"	"154,154"	"167,167"	"162,162"	"226,226"	"356,356"	"308,308"	"216,216"	"166,166"	"382,382"	"220,220"	
"WVFM26"	"145,145"	"154,154"	"167,167"	"162,162"	"226,226"	"356,356"	"308,308"	"216,216"	"166,166"	"382,382"	"220,220"	
"WVFM27"	"145,145"	"154,154"	"167,167"	"162,162"	"226,226"	"358,358"	"308,308"	"216,216"	"166,166"	"382,382"	"220,220"	
"WVFM28"	"145,145"	"154,154"	"167,167"	"162,162"	"226,226"	"356,356"	"308,308"	"216,216"	"166,166"	"382,382"	"220,220"	
"WVFM29"	"145,145"	"154,154"	"167,167"	"162,162"	"226,226"	"358,358"	"308,308"	"216,216"	"166,166"	"382,382"	"220,220"	
"WVFM31"	"145,145"	"154,154"	"167,167"	"162,162"	"226,226"	"356,356"	"308,308"	"216,216"	"163,163"	"382,382"	"220,220"	
"WVFM32"	"145,145"	"154,154"	"167,167"	"162,162"	"226,226"	"356,356"	"308,308"	"216,216"	"166,166"	"382,382"	"220,220"	
"WVFM34"	"145,145"	"154,154"	"167,167"	"162,162"	"226,226"	"356,356"	"308,308"	"216,216"	"166,166"	"382,382"	"220,220"	
"WVFM35"	"145,145"	"154,154"	"167,167"	"153,153"	"226,226"	"356,356"	"308,308"	"216,216"	"166,166"	"382,382"	"220,220"	
"WVMO02"	"145,145"	"156,156"	"167,167"	"171,171"	"226,226"	"358,358"	"308,308"	"216,216"	"163,163"	"382,382"	"217,217"	
"WVMO04"	"145,145"	"156,156"	"167,167"	"171,171"	"226,226"	"358,358"	"308,308"	"216,216"	"163,163"	"382,382"	"217,217"	
"WVMO05"	"145,145"	"154,154"	"170,170"	"171,171"	"226,226"	"358,358"	"308,308"	"213,213"	"163,163"	"368,368"	"217,217"	
"WVMO06"	"145,145"	"156,156"	"167,167"	"171,171"	"226,226"	"358,358"	"308,308"	"216,216"	"163,163"	"382,382"	"217,217"	
"WVMO08"	"145,145"	"156,156"	"167,167"	"171,171"	"226,226"	"358,358"	"308,308"	"216,216"	"163,163"	"382,382"	"217,217"	
"WVMO09"	"145,145"	"156,156"	"167,167"	"174,174"	"226,226"	"358,358"	"308,308"	"216,216"	"163,163"	"382,382"	"217,217"	
"WVMO10"	"145,145"	"156,156"	"167,167"	"171,171"	"226,226"	"358,358"	"308,308"	"216,216"	"163,163"	"382,382"	"217,217"	
"WVMO12"	"145,145"	"156,156"	"167,167"	"171,171"	"226,226"	"358,358"	"308,308"	"216,216"	"163,163"	"382,382"	"217,217"	
"WVMO13"	"145,145"	"156,156"	"167,167"	"174,174"	"226,226"	"358,358"	"308,308"	"216,216"	"163,163"	"382,382"	"217,217"	
"WVMO14"	"145,145"	"156,156"	"167,167"	"171,171"	"226,226"	"358,358"	"308,308"	"216,216"	"163,163"	"382,382"	"217,217"	
"WVMO18"	"145,145"	"156,156"	"167,167"	"171,171"	"226,226"	"358,358"	"308,308"	"216,216"	"163,163"	"382,382"	"217,217"	
"WVMO21"	"145,145"	"156,156"	"167,167"	"171,171"	"226,226"	"358,358"	"308,308"	"216,216"	"163,163"	"382,382"	"217,217"	
"WVMO22"	"145,145"	"156,156"	"167,167"	"171,171"	"226,226"	"358,358"	"308,308"	"216,216"	"163,163"	"382,382"	"217,217"	
"WVMO24"	"145,145"	"156,156"	"167,167"	"162,162"	"226,226"	"358,358"	"308,308"	"213,213"	"163,163"	"382,382"	"217,217"	
"WVMO29"	"145,145"	"156,156"	"170,170"	"171,171"	"226,226"	"358,358"	"308,308"	"216,216"	"163,163"	"368,368"	"217,217"	
"WVMO30"	"145,145"	"156,156"	"167,167"	"171,171"	"226,226"	"358,358"	"308,308"	"213,213"	"163,163"	"368,368"	"217,217"	
"WVMO32"	"145,145"	"156,156"	"170,170"	"171,171"	"226,226"	"358,358"	"308,308"	"216,216"	"163,163"	"368,368"	"217,217"	
"WVMO34"	"145,145"	"156,156"	"170,170"	"171,171"	"226,226"	"358,358"	"308,308"	"216,216"	"163,163"		"217,217"	
"WVMO35"	"145,145"	"154,154"	"167,167"		"226,226"	"358,358"	"308,308"	"216,216"	"163,163"	"368,368"	"220,220"	
"WVMO37"	"145,145"	"154,154"	"167,167"	"171,171"	"226,226"	"358,358"	"308,308"	"216,216"	"163,163"	"368,368"	"220,220"	
"WVSS01"	"135,135"	"154,154"	"170,170"	"162,162"	"226,226"	"358,358"	"308,308"	"207,207"	"163,163"	"382,382"		
"WVSS02"	"135,135"	"154,154"	"170,170"	"162,162"	"226,226"	"358,358"	"308,308"	"207,207"	"163,163"	"382,382"		
"WVSS03"	"135,135"	"154,154"	"170,170"	"162,162"	"226,226"	"358,358"	"308,308"	"207,207"	"163,163"	"382,382"	"223,223"	
"WVSS04"	"145,145"	"154,154"	"170,170"	"162,162"	"226,226"	"358,358"	"308,308"	"207,207"	"163,163"	"382,382"	"223,223"	
